{"cameraMode":{"drawMode":0,"name":"Shaded","section":"Shading Mode"},"sceneLighting":true,"audioPlay":false,"sceneViewState":{"showFog":true,"showMaterialUpdate":true,"showSkybox":true,"showFlares":true,"showImageEffects":true,"showParticleSystems":true},"in2DMode":false,"pivot":{"x":227.4188232421875,"y":-194.08041381835938,"z":357.8009033203125},"rotation":{"x":0.19309167563915254,"y":0.27400439977645876,"z":-0.05625780299305916,"w":0.9404723048210144},"size":696.0799560546875,"orthographic":false}